{"Andhra Pradesh": {"Hyderabad": 1205967.7692307434, "Vishakhapatnam": 39466.45833333333, "Visakhapatnam": 650407.0923076785, "Tirupati": 41110.391025640994, "Vijayawada": 207944.65705128264, "Patancheru": 71089.53205128197, "Ramagundam": 70043.07371794875, "Kurnool": 54605.64423076918, "Guntur": 30045.32692307693, "Nalgonda": 20108.012820512828, "Nellore": 8870.942307692309, "Warangal": 9462.49358974359, "Chittoor": 18910.46794871795, "Khammam": 7131.634615384615, "Kakinada": 3865.0, "Ananthapur": 6046.538461538461, "Eluru": 9284.711538461537, "Kadapa": 4103.75, "Karimnagar": 2001.153846153846, "Nizamabad": 418.75, "Ongole": 8961.442307692309, "Rajahmundry": 6590.576923076923, "Sangareddy": 8165.673076923075, "Srikakulam": 10571.442307692309, "Vizianagaram": 8425.288461538461}, "Arunachal Pradesh": {"Itanagar": 1269.7115384615383, "Naharlagun": 423.9423076923077}, "Assam": {"Guwahati": 1110194.1608973213, "Bongaigaon": 74403.19551282043, "Dibrugarh": 43280.669871794795, "Golaghat": 47723.71794871783, "Hailakandi": 15338.189102564103, "Sibsagar": 24004.519230769245, "Tezpur": 70686.49038461517, "Silchar": 4937.551282051281, "Daranga": 16280.057692307711, "Lakhimpur": 31231.87500000007, "Nagaon": 42387.49999999997, "Nalbari": 37314.33653846157, "Sivasagar": 51108.26682692299, "Silcher": 50373.764423076864, "Tinsukia": 47487.913461538345, "Margherita": 24802.509615384664}, "Bihar": {"Sindri": 35404.108333333344, "Jharia": 68101.5, "Dhanbad": 46913.04166666666, "Jamshedpur": 26920.28333333333, "Patna": 326442.2051282064}, "Chandigarh": {"Chandigarh": 1097031.8685896944}, "Chhattisgarh": {"Korba": 331711.8525641027, "Bhilai Nagar": 219752.3525641031, "Raipur": 364526.12179487443, "Bhilai": 131219.55673077007, "Bilaspur": 11300.576923076922}, "Dadra & Nagar Haveli": {"Daman": 1386.4166666666663, "Silvassa": 55026.044871794875, "Khadoli": 9477.916666666666}, "Daman & Diu": {"Daman Diu & Nagar": 10109.416666666668, "Daman": 61138.41987179491}, "Delhi": {"Delhi": 2599069.0884619183}, "Goa": {"Ponda": 2924.1000000000004, "Vasco": 90402.72756410274, "Panjim": 8948.741666666665, "Panaji": 55085.6378205127, "Mormugao": 18359.368589743597, "Amona": 7670.710769230765, "Assanora": 6839.781538461539, "Bicholim": 12807.68538461538, "Codli": 8589.856923076919, "Curchorem": 9892.583846153853, "Honda": 16077.539230769244, "Usgao": 10896.703076923071, "Kundaim": 3604.8500000000004, "Mapusa": 5052.666153846152, "Margao": 3640.8999999999987, "Sanguem": 3451.56, "Tilamol": 2672.05, "Cuncolim": 1111.25}, "Gujarat": {"Baroda": 162904.8000000002, "Surat": 428202.85000000295, "Ahmedabad": 836645.5849038089, "Vapi": 232502.55769230827, "Ankleshwar": 88712.97115384595, "Rajkot": 272129.6698717958, "Bharuch": 14576.041666666666, "Jamnagar": 115048.3141025642, "Vadodara": 372006.49038461706, "Anklesvar": 163906.33333333337, "ANKLESHWAR": 4491.25, "VAPI": 591.25, "Bhuj": 621.25, "MORBI": 1187.5, "SANAND": 612.5, "Sarigam": 631.25}, "Haryana": {"Faridabad": 429723.0512820557, "Yamuna Nagar": 54149.55769230754, "Dharuhera": 289.0, "Hisar": 119949.40064102596, "Yamunanagar": 46185.05769230765}, "Himachal Pradesh": {"Shimla": 146965.89243594336, "Paonta Sahib": 540105.2916666663, "Parwanoo": 281220.3504006966, "Damtal": 242065.4455128219, "Baddi": 474010.3108974379, "Nahan": 307735.40384615393, "Nalagarh": 57597.442307692116, "Kala Amb": 184254.92884615585, "Manali": 14386.634615384613, "Sunder Nagar": 36106.82692307696, "Una": 11451.53846153846, "Dharamshala": 3473.076923076923}, "Jammu & Kashmir": {"Jammu": 141009.05448718066}, "Jharkhand": {"Dhanbad": 269974.7578525759, "Sindri": 120261.61826923156, "Jharia": 192124.91429487334, "Ranchi": 178749.4615384633, "Jamshedpur": 419083.73717949056, "West Singhbhum": 24893.173076923136, "Saraikela Kharsawan": 21261.634615384657}, "Karnataka": {"Mysore": 122347.951923077, "Bangalore": 990318.2528845379, "Belgaum": 25625.772435897437, "Gulbarga": 83117.94871794897, "Hassan": 77100.83333333334, "Hubli-Dharwad": 144569.2564102564, "Mangalore": 39450.85576923073, "Davangere": 53971.63461538443, "Dharwad": 12210.961538461537, "Hubli": 21261.634615384646, "Bidar": 1460.0, "Domlur": 1972.5, "Chitradurga": 2080.0, "Ranebennur": 4211.538461538461, "Kolar": 3821.826923076923, "Mandya": 8427.5, "Raichur": 5108.26923076923, "Shimoga": 3458.076923076923, "Tumkur": 21968.07692307697, "Bijapur": 3928.7499999999995}, "Kerala": {"Cochin": 84980.54166666664, "Kotttayam": 8921.208333333332, "Kottayam": 81761.81817303362, "Kozhikode": 69604.83945963954, "Trivendrum": 35912.049999999996, "Palakkad": 90538.67743589723, "Kochi": 253758.48237179074, "Trivandrum": 88512.43589743586, "Alappuzha": 10496.586538461539, "Kollam": 30618.977564102563, "Malappuram": 9168.45219997, "Thiruvananthapuram": 74456.72425217231, "Pathanamthitta": 10171.75, "Thissur": 6370.125, "Wayanad": 3848.75}, "Madhya Pradesh": {"Nagda": 270880.10576923157, "Bhilai": 44365.50000000002, "Satna": 279820.15384615527, "Indore": 534904.2253205149, "Bhopal": 544004.9399573895, "Jabalpur": 119712.26089743589, "Korba": 14661.000000000007, "Raipur": 32636.241666666676, "Gwalior": 281125.73717948963, "Ujjain": 262308.5224358986, "Dewas": 196032.65064102583, "Khajuraho": 480.91666666666663, "Sagar": 118920.49038461591, "Singrauli": 104592.66666666658, "Chhindwara": 4838.75, "Amlai": 3395.0, "Pithampur": 17537.500000000033}, "Maharashtra": {"Pune": 742760.2532050988, "Bombay": 80472.58333333333, "Nagpur": 953758.5750103962, "Chandarpur": 9437.458333333334, "Aurangabad": 150665.21289011746, "Chandrapur": 797182.5942307119, "Nashik": 443697.4006410278, "Dombivli": 97595.89294871806, "Solapur": 442477.7202610514, "Thane": 219533.10000000175, "Mumbai": 326492.1564102589, "Aurangabad (MS)": 199392.93269230775, "Greater Mumbai": 72691.24871794859, "Kolhapur": 336066.24038461735, "Amravati": 138883.6153846164, "Lote": 105056.07179487243, "Navi Mumbai": 1022758.0867515269, "Tarapur": 52423.051282051245, "Mahad": 88886.57051282076, "Badlapur": 74758.29487179482, "Jalgaon": 237558.36538461773, "Latur": 162970.177350415, "Roha": 32995.69230769236, "Sangli": 138258.86538461607, "Ulhasnagar": 112062.62179487206, "Akola": 168305.09615384802, "Jalna": 94335.67307692333, "Nanded": 125165.3269230779}, "Manipur": {"Imphal": 10140.567307692307}, "Meghalaya": {"Shillong": 49102.903525639784, "Byrnihat": 85729.90384615395, "Dawki": 6261.676282069616, "Tura": 3153.6874999912498, "Khliehriat": 1506.25, "Nongstoin": 2598.75, "Umsning": 1330.1923076923076}, "Mizoram": {"Aizawl": 90854.01773488203, "Champhai": 7971.473878204711, "Kolasib": 3785.15833333375, "Lunglei": 3851.0673076923076}, "Nagaland": {"Dimapur": 171443.22435897542, "Kohima": 31265.6891025646}, "Odisha": {"Angul": 326250.4098931944, "Talcher": 288184.62017084035, "Rourkela": 338702.1095509825, "Nalco": 10437.0, "Rayagada": 138260.41797011514, "Bhubaneswar": 198005.62519206348, "Bhubaneshwar": 150811.31730769246, "Cuttack": 249286.80876081236, "Sambalpur": 69316.46666666667, "Berhampur": 69082.94177375696, "Balasore": 59251.1573718657, "Kalinga Nagar": 12557.211538461544, "Paradeep": 26175.576923076984, "Keonjhar": 4301.826923076923, "Konark": 4306.826923076922, "Puri": 4702.403846153846}, "Puducherry": {"Pondichery": 56594.64166666667, "Pondicherry": 86243.92291659716, "Karaikal": 7405.0}, "Punjab": {"Ludhiana": 1193932.987179327, "Jalandhar": 730011.3942307257, "Patiala": 113948.18910256468, "Gobindgarh": 745807.0365384184, "Naya Nangal": 192611.16057692358, "Amritsar": 342036.76602564467, "Bathinda": 138588.74038461648, "Dera Bassi": 330293.74679487466, "Khanna": 404210.9134615453, "Dera Baba": 11121.02884615385, "Sangrur": 7456.634615384613, "Faridkot": 4614.326923076922, "Hoshiarpur": 2136.826923076923}, "Rajasthan": {"Kota": 746321.2876068043, "Jaipur": 1760038.3352564003, "Alwar": 802408.4176281382, "Jodhpur": 1641859.6469015286, "Chittorgarh": 5936.958333333333, "Udaipur": 741150.2620190756}, "Sikkim": {"Gangtok": 33.5},