{"Andhra Pradesh": 94.9483397708163, "Arunachal Pradesh": 18.818376068376065, "Assam": 87.36918122970643, "Bihar": 221.4422586644131, "Chandigarh": 128.75960898940076, "Chhattisgarh": 135.16925815054617, "Dadra & Nagar Haveli": 103.92804133300979, "Daman & Diu": 91.10976539445214, "Delhi": 303.9491391020838, "Goa": 43.18864205029046, "Gujarat": 126.63990850645911, "Haryana": 190.14504892037917, "Himachal Pradesh": 100.42684935519937, "Jammu & Kashmir": 109.39414622744815, "Jharkhand": 205.4874827122893, "Karnataka": 95.0117794546706, "Kerala": 34.74285906229794, "Madhya Pradesh": 142.07914967026892, "Maharashtra": 122.99428435680613, "Manipur": 133.42851720647772, "Meghalaya": 38.84852412705603, "Mizoram": 19.944120879376694, "Nagaland": 82.30162950123427, "Odisha": 101.13252001306337, "Puducherry": 39.694468846304844, "Punjab": 164.49909306399056, "Rajasthan": 222.66266394721484, "Sikkim": 33.5, "Tamil Nadu": 69.40919981600278, "Telangana": 56.31644960745659, "Uttar Pradesh": 260.73741401277726, "Uttarakhand": 150.3228468324629, "Uttaranchal": 242.84754835807473, "West Bengal": 177.32214813555566, "Tripura": 0.0}